<?xml version="1.0" encoding="UTF-8"?>
<project-private xmlns="http://www.netbeans.org/ns/project-private/1">
    <editor-bookmarks xmlns="http://www.netbeans.org/ns/editor-bookmarks/2" lastBookmarkId="0"/>
    <open-files xmlns="http://www.netbeans.org/ns/projectui-open-files/2">
        <group>
            <file>file:/C:/Users/hp/Documents/NetBeansProjects/billing_system/src/connection/pay_bill.java</file>
            <file>file:/C:/Users/hp/Documents/NetBeansProjects/billing_system/src/connection/generate_bill.java</file>
            <file>file:/C:/Users/hp/Documents/NetBeansProjects/billing_system/src/connection/homepage.java</file>
            <file>file:/C:/Users/hp/Documents/NetBeansProjects/billing_system/src/connection/customer_details.java</file>
            <file>file:/C:/Users/hp/Documents/NetBeansProjects/billing_system/src/connection/loginpage.java</file>
            <file>file:/C:/Users/hp/Documents/NetBeansProjects/billing_system/src/connection/new_customer.java</file>
            <file>file:/C:/Users/hp/Documents/NetBeansProjects/billing_system/src/connection/connectionjava.java</file>
        </group>
    </open-files>
</project-private>
